"city","name","wyId","officialName","area.name","area.id","area.alpha3code","area.alpha2code","type"
"Newcastle upon Tyne","Newcastle United",1613,"Newcastle United FC","England","0","XEN","","club"
"Vigo","Celta de Vigo",692,"Real Club Celta de Vigo","Spain","724","ESP","ES","club"
"Barcelona","Espanyol",691,"Reial Club Deportiu Espanyol","Spain","724","ESP","ES","club"
"Vitoria-Gasteiz","Deportivo Alaves",696,"Deportivo Alav\u00e9s","Spain","724","ESP","ES","club"
"Valencia","Levante",695,"Levante UD","Spain","724","ESP","ES","club"
"Troyes","Troyes",3795,"Esp\u00e9rance Sportive Troyes Aube Champagne","France","250","FRA","FR","club"
"Getafe (Madrid)","Getafe",698,"Getafe Club de F\u00fatbol","Spain","724","ESP","ES","club"
"M\u00f6nchengladbach","Borussia M'gladbach",2454,"Borussia VfL M\u00f6nchengladbach","Germany","276","DEU","DE","club"
"Huddersfield, West Yorkshire","Huddersfield Town",1673,"Huddersfield Town FC","England","0","XEN","","club"
"Bilbao","Athletic Club",678,"Athletic Club Bilbao","Spain","724","ESP","ES","club"
"Madrid","Atletico Madrid",679,"Club Atl\u00e9tico de Madrid","Spain","724","ESP","ES","club"
"Lyon","Olympique Lyonnais",3766,"Olympique Lyonnais","France","250","FRA","FR","club"
"Paris","PSG",3767,"Paris Saint-Germain FC","France","250","FRA","FR","club"
"Valencia","Valencia",674,"Valencia Club de F\u00fatbol","Spain","724","ESP","ES","club"
"Madrid","Real Madrid",675,"Real Madrid Club de F\u00fatbol","Spain","724","ESP","ES","club"
"Barcelona","Barcelona",676,"FC Barcelona","Spain","724","ESP","ES","club"
"Las Palmas de Gran Canaria","Las Palmas",714,"UD Las Palmas","Spain","724","ESP","ES","club"
"Legan\u00e9s","Leganes",712,"CD Legan\u00e9s","Spain","724","ESP","ES","club"
"Ferrara","SPAL",3204,"Societ\u00e0 Polisportiva Ars et Labor 2013","Italy","380","ITA","IT","club"
"Swansea","Swansea City",10531,"Swansea City AFC","Wales","0","XWA","","club"
"Marseille","Olympique Marseille",3771,"Olympique de Marseille","France","250","FRA","FR","club"
"La Chapelle-sur-Erdre","Nantes",3770,"FC Nantes","France","250","FRA","FR","club"
"Nice","Nice",3775,"O.G.C. Nice C\u00f4te d'Azur","France","250","FRA","FR","club"
"Rennes","Rennes",3774,"Stade Rennais FC","France","250","FRA","FR","club"
"Strasbourg","Strasbourg",3779,"RC Strasbourg Alsace","France","250","FRA","FR","club"
"Eibar","Eibar",701,"SD Eibar","Spain","724","ESP","ES","club"
"Bournemouth, Dorset","AFC Bournemouth",1659,"AFC Bournemouth","England","0","XEN","","club"
"Brighton, East Sussex","Brighton & Hove Albion",1651,"Brighton & Hove Albion FC","England","0","XEN","","club"
"Bremen","Werder Bremen",2443,"SV Werder Bremen","Germany","276","DEU","DE","club"
"Leverkusen","Bayer Leverkusen",2446,"TSV Bayer 04 Leverkusen","Germany","276","DEU","DE","club"
"Dortmund","Borussia Dortmund",2447,"BV Borussia 09 Dortmund","Germany","276","DEU","DE","club"
"M\u00fcnchen","Bayern Munchen",2444,"FC Bayern M\u00fcnchen","Germany","276","DEU","DE","club"
"Stuttgart","Stuttgart",2445,"VfB Stuttgart 1893","Germany","276","DEU","DE","club"
"Gelsenkirchen","Schalke 04",2449,"FC Schalke 04","Germany","276","DEU","DE","club"
"Milano","Milan",3157,"AC Milan","Italy","380","ITA","IT","club"
"Angers","Angers",3799,"Angers SCO","France","250","FRA","FR","club"
"Torino","Juventus",3159,"Juventus FC","Italy","380","ITA","IT","club"
"Roma","Roma",3158,"AS Roma","Italy","380","ITA","IT","club"
"Sassuolo","Sassuolo",3315,"US Sassuolo Calcio","Italy","380","ITA","IT","club"
"Burnley, Lancashire","Burnley",1646,"Burnley FC","England","0","XEN","","club"
"Le Haillan","Bordeaux",3772,"FC Girondins de Bordeaux","France","250","FRA","FR","club"
"Hannover","Hannover 96",2455,"Hannover 96","Germany","276","DEU","DE","club"
"Dijon","Dijon",3804,"Dijon FCO","France","250","FRA","FR","club"
"Berlin","Hertha BSC",2457,"Hertha BSC","Germany","276","DEU","DE","club"
"Wolfsburg","Wolfsburg",2451,"VfL Wolfsburg","Germany","276","DEU","DE","club"
"Hamburg","Hamburger SV",2450,"Hamburger SV","Germany","276","DEU","DE","club"
"Freiburg im Breisgau","Freiburg",2453,"SC Freiburg","Germany","276","DEU","DE","club"
"Bologna","Bologna",3166,"Bologna FC 1909","Italy","380","ITA","IT","club"
"Metz","Metz",3777,"FC Metz","France","250","FRA","FR","club"
"Genova","Sampdoria",3164,"UC Sampdoria","Italy","380","ITA","IT","club"
"Verona","Chievo",3165,"AC Chievo Verona","Italy","380","ITA","IT","club"
"Formello","Lazio",3162,"SS Lazio","Italy","380","ITA","IT","club"
"Udine","Udinese",3163,"Udinese Calcio","Italy","380","ITA","IT","club"
"Milano","Internazionale",3161,"FC Internazionale Milano","Italy","380","ITA","IT","club"
"Leicester","Leicester City",1631,"Leicester City FC","England","0","XEN","","club"
"London","West Ham United",1633,"West Ham United FC","England","0","XEN","","club"
"Stoke-on-Trent","Stoke City",1639,"Stoke City FC","England","0","XEN","","club"
"Benevento","Benevento",3219,"Benevento Calcio","Italy","380","ITA","IT","club"
"Saint-\u00c9tienne","Saint-Etienne",3782,"AS Saint-\u00c9tienne","France","250","FRA","FR","club"
"Girona","Girona",756,"Girona FC","Spain","724","ESP","ES","club"
"Watford","Watford",1644,"Watford FC","England","0","XEN","","club"
"Sinsheim","Hoffenheim",2482,"TSG 1899 Hoffenheim","Germany","276","DEU","DE","club"
"Cagliari","Cagliari",3173,"Cagliari Calcio","Italy","380","ITA","IT","club"
"Ciserano","Atalanta",3172,"Atalanta Bergamasca Calcio","Italy","380","ITA","IT","club"
"Firenze","Fiorentina",3176,"ACF Fiorentina","Italy","380","ITA","IT","club"
"Liverpool","Everton",1623,"Everton FC","England","0","XEN","","club"
"West Bromwich","West Bromwich Albion",1627,"West Bromwich Albion FC","England","0","XEN","","club"
"Manchester","Manchester City",1625,"Manchester City FC","England","0","XEN","","club"
"London","Tottenham Hotspur",1624,"Tottenham Hotspur FC","England","0","XEN","","club"
"Augsburg","Augsburg",2481,"FC Augsburg","Germany","276","DEU","DE","club"
"London","Crystal Palace",1628,"Crystal Palace FC","England","0","XEN","","club"
"Monaco","Monaco",19830,"AS Monaco FC","Monaco","492","MCO","MC","club"
"Mainz","Mainz 05",2460,"1. FSV Mainz 05","Germany","276","DEU","DE","club"
"Villeneuve-d'Ascq","Lille",3776,"Lille OSC M\u00e9tropole","France","250","FRA","FR","club"
"Frankfurt am Main","Eintracht Frankfurt",2462,"Eintracht Frankfurt","Germany","276","DEU","DE","club"
"Southampton, Hampshire","Southampton",1619,"Southampton FC","England","0","XEN","","club"
"K\u00f6ln","Koln",2463,"1. FC K\u00f6ln","Germany","276","DEU","DE","club"
"Liverpool","Liverpool",1612,"Liverpool FC","England","0","XEN","","club"
"London","Chelsea",1610,"Chelsea FC","England","0","XEN","","club"
"Manchester","Manchester United",1611,"Manchester United FC","England","0","XEN","","club"
"Torino","Torino",3185,"Torino FC","Italy","380","ITA","IT","club"
"Castel Volturno","Napoli",3187,"SSC Napoli","Italy","380","ITA","IT","club"
"A Coru\u00f1a","Deportivo La Coruna",677,"Real Club Deportivo de La Coru\u00f1a","Spain","724","ESP","ES","club"
"Leipzig","RB Leipzig",2975,"Rasen Ballsport Leipzig","Germany","276","DEU","DE","club"
"London","Arsenal",1609,"Arsenal FC","England","0","XEN","","club"
"Caen","Caen",3783,"Stade Malherbe Caen","France","250","FRA","FR","club"
"Toulouse","Toulouse",3780,"Toulouse FC","France","250","FRA","FR","club"
"Montpellier","Montpellier",3787,"Montpellier HSC","France","250","FRA","FR","club"
"Guingamp","Guingamp",3785,"En Avant Guingamp","France","250","FRA","FR","club"
"Amiens","Amiens SC",3789,"Amiens SC","France","250","FRA","FR","club"
"Crotone","Crotone",3197,"FC Crotone","Italy","380","ITA","IT","club"
"Verona","Hellas Verona",3194,"Hellas Verona FC","Italy","380","ITA","IT","club"
"Genova","Genoa",3193,"Genoa CFC","Italy","380","ITA","IT","club"
"Sevilla","Real Betis",684,"Real Betis Balompi\u00e9","Spain","724","ESP","ES","club"
"Donostia-San Sebasti\u00e1n","Real Sociedad",687,"Real Sociedad de F\u00fatbol","Spain","724","ESP","ES","club"
"Sevilla","Sevilla",680,"Sevilla FC","Spain","724","ESP","ES","club"
"Malaga","Malaga",683,"M\u00e1laga Club de F\u00fatbol","Spain","724","ESP","ES","club"
"Villarreal","Villarreal",682,"Villarreal Club de F\u00fatbol","Spain","724","ESP","ES","club"
"Seoul","Korea Republic",14855,"Korea Republic","Korea Republic",NA,"KOR","KR","national"
"Budapest","Hungary",10451,"Hungary","Hungary",NA,"HUN","HU","national"
"Istanbul","Turkey",4687,"Turkey","Turkey",NA,"TUR","TR","national"
"Moskva","Russia",14358,"Russia","Russia",NA,"RUS","RU","national"
"Solna","Sweden",7047,"Sweden","Sweden",NA,"SWE","SE","national"
"El Menzah","Tunisia",16276,"Tunisia","Tunisia",NA,"TUN","TN","national"
"Rio de Janeiro, Rio de Janeiro","Brazil",6380,"Brazil","Brazil",NA,"BRA","BR","national"
"Frankfurt am Main","Germany",3148,"Germany","Germany","276","DEU","DE","national"
"Tiran\u00eb (Tirana)","Albania",8731,"Albania","Albania",NA,"ALB","AL","national"
"Bucure\u015fti","Romania",11944,"Romania","Romania",NA,"ROU","RO","national"
"Kyiv (Kiev)","Ukraine",14622,"Ukraine","Ukraine",NA,"UKR","UA","national"
"Rabat","Morocco",16216,"Morocco","Morocco",NA,"MAR","MA","national"
"Bratislava","Slovakia",14496,"Slovakia","Slovakia",NA,"SVK","SK","national"
"Bogot\u00e1 D.C.","Colombia",12430,"Colombia","Colombia",NA,"COL","CO","national"
"Ciudad de Panam\u00e1","Panama",17929,"Panama","Panama",NA,"PAN","PA","national"
"Sydney","Australia",8493,"Australia","Australia",NA,"AUS","AU","national"
"Buenos Aires, Ciudad de Buenos Aires","Argentina",12274,"Argentina","Argentina",NA,"ARG","AR","national"
"Belfast","Northern Ireland",10962,"Northern Ireland","Northern Ireland","0","XNI","","national"
"Lisboa","Portugal",9905,"Portugal","Portugal",NA,"PRT","PT","national"
"Bruxelles (Brussel)","Belgium",5629,"Belgium","Belgium",NA,"BEL","BE","national"
"Br\u00f8ndby","Denmark",7712,"Denmark","Denmark",NA,"DNK","DK","national"
"Montevideo","Uruguay",15670,"Uruguay","Uruguay",NA,"URY","UY","national"
"Cardiff","Wales",10682,"Wales","Wales","0","XWA","","national"
"San Jos\u00e9","Costa Rica",16871,"Costa Rica","Costa Rica",NA,"CRI","CR","national"
"London","England",2413,"England","England","0","XEN","","national"
"Cairo","Egypt",16129,"Egypt","Egypt",NA,"EGY","EG","national"
"T\u014dky\u014d (Tokyo)","Japan",12913,"Japan","Japan",NA,"JPN","JP","national"
"Tehr\u0101n (Teheran)","Iran",10840,"Iran","Iran",NA,"IRN","IR","national"
"Wien","Austria",9109,"Austria","Austria",NA,"AUT","AT","national"
"Reykjav\u00edk","Iceland",7839,"Iceland","Iceland",NA,"ISL","IS","national"
"Zagreb","Croatia",9598,"Croatia","Croatia",NA,"HRV","HR","national"
"Coyoac\u00e1n, Ciudad de M\u00e9xico (D.F.)","Mexico",15473,"Mexico","Mexico",NA,"MEX","MX","national"
"Dublin","Republic of Ireland",8274,"Republic of Ireland","Ireland Republic",NA,"IRL","IE","national"
"Praha","Czech Republic",11555,"Czech Republic","Czech Republic",NA,"CZE","CZ","national"
"Dakar","Senegal",19314,"Senegal","Senegal",NA,"SEN","SN","national"
"Roma","Italy",3757,"Italy","Italy","380","ITA","IT","national"
"Lima","Peru",15594,"Peru","Peru",NA,"PER","PE","national"
"Paris","France",4418,"France","France","250","FRA","FR","national"
"Ar-Riy\u0101\u1e0d (Riyadh)","Saudi Arabia",16521,"Saudi Arabia","Saudi Arabia",NA,"SAU","SA","national"
"Las Rozas","Spain",1598,"Spain","Spain","724","ESP","ES","national"
"Beograd","Serbia",17322,"Serbia","Serbia",NA,"SRB","RS","national"
"Bern","Switzerland",6697,"Switzerland","Switzerland",NA,"CHE","CH","national"
"Warszawa","Poland",13869,"Poland","Poland",NA,"POL","PL","national"
"Abuja","Nigeria",16823,"Nigeria","Nigeria",NA,"NGA","NG","national"
